{
    "loss": 8.457942962646484,
    "accuracy": 0.5686274766921997
}