{
    "loss": 25.94928741455078,
    "accuracy": 0.4313725531101227
}