{
    "loss": 5.68109655380249,
    "accuracy": 0.5686274766921997
}