{
    "loss": 8.426721572875977,
    "accuracy": 0.4313725531101227
}